{
  "mean_of_means": 10.189788199198972,
  "mean_of_sums": 560.4383509559434,
  "simulation_means": [
    9.185666018948133,
    9.329836936915598,
    10.337363057708343,
    11.647665419809652,
    9.724355562757792,
    9.963754981519413,
    9.972816250601063,
    11.820239027396955,
    13.54671550971056,
    10.821395862197598,
    10.533696051735184,
    9.892251838447278,
    9.26843669215072,
    7.139341979761568,
    8.459243507841407,
    9.352246960498748,
    11.757786401749655,
    12.146779644451312,
    11.607699780303106,
    10.69357138885816,
    9.692223366107692,
    8.709903496538859,
    9.478907059774983,
    11.896135798650718,
    7.985413091037209,
    10.474255953258028,
    10.020285817070496,
    11.614509568289707,
    7.667879389858245,
    8.623404333678337,
    9.187864886230647,
    9.989855441786647,
    9.965572959249368,
    11.065099171789866,
    7.988338594298327,
    9.815614073649876,
    8.982678189011681,
    9.3131218680071,
    8.918994980489424,
    12.045350287650603,
    11.993628049147926,
    9.677364148984543,
    13.583472100110077,
    8.304357650320009,
    12.164413217916504,
    10.86040715825926,
    11.63721821439098,
    8.644904829479472,
    10.541454005776675,
    9.187772687757121,
    11.022704727848131,
    9.072556670177487,
    8.727415135617326,
    8.307364534508157,
    10.756097292516733,
    11.02253421868558,
    12.346137997307338,
    10.567177122922542,
    10.107693057559967,
    10.420713816129988,
    9.583438744577176,
    10.280297592410307,
    8.699801041069922,
    12.455135780712254,
    8.60157129033373,
    11.710045583347611,
    10.634886522346045,
    13.293629487794902,
    10.46156218034213,
    12.796823954742115,
    11.825822001756315,
    9.092085084825891,
    11.56847102217778,
    9.322547006297873,
    10.711202423440767,
    12.235892620694896,
    12.452039050509702,
    12.082876528900215,
    9.31663653912227,
    8.717574374849091,
    8.970369556981549,
    9.436242397362955,
    11.16932012667674,
    8.945097146444828,
    8.967581468372972,
    8.764189799758284,
    10.098678175224634,
    10.646022101829617,
    11.196888971715811,
    8.790524894481846,
    9.204898588148607,
    8.152144427132695,
    9.290488442763708,
    9.483337665240793,
    10.313667216511803,
    10.237961492258048,
    10.804950150769157,
    8.24125843367528,
    8.61816497025363,
    12.223037228837352
  ],
  "simulation_sums": [
    505.2116310421473,
    513.1410315303578,
    568.5549681739589,
    640.6215980895308,
    534.8395559516786,
    548.0065239835677,
    548.5048937830585,
    650.1131465068325,
    745.0693530340808,
    595.1767724208679,
    579.3532828454352,
    544.0738511146003,
    509.76401806828966,
    392.6638088868862,
    465.2583929312774,
    514.3735828274312,
    646.6782520962311,
    668.0728804448222,
    638.4234879166709,
    588.1464263871989,
    533.072285135923,
    479.04469230963724,
    521.339888287624,
    654.2874689257895,
    439.1977200070465,
    576.0840774291916,
    551.1157199388773,
    638.7980262559339,
    421.7333664422035,
    474.2872383523085,
    505.3325687426856,
    549.4420492982656,
    548.1065127587152,
    608.5804544484427,
    439.35862268640795,
    539.8587740507431,
    494.0473003956424,
    512.2217027403905,
    490.5447239269183,
    662.4942658207832,
    659.6495427031359,
    532.2550281941499,
    747.0909655060542,
    456.7396707676005,
    669.0427269854077,
    597.3223937042593,
    640.0470017915039,
    475.469765621371,
    579.7799703177171,
    505.3274978266417,
    606.2487600316472,
    498.99061685976176,
    480.0078324589529,
    456.9050493979486,
    591.5853510884203,
    606.2393820277069,
    679.0375898519036,
    581.1947417607398,
    555.9231181657982,
    573.1392598871494,
    527.0891309517447,
    565.4163675825669,
    478.48905725884566,
    685.032467939174,
    473.0864209683551,
    644.0525070841186,
    584.9187587290324,
    731.1496218287197,
    575.3859199188171,
    703.8253175108163,
    650.4202100965973,
    500.06467966542397,
    636.2659062197779,
    512.740085346383,
    589.1161332892422,
    672.9740941382192,
    684.8621477780337,
    664.5582090895118,
    512.4150096517249,
    479.46659061670005,
    493.3703256339852,
    518.9933318549625,
    614.3126069672206,
    491.9803430544656,
    493.2169807605134,
    482.03043898670563,
    555.4272996373548,
    585.5312156006289,
    615.8288934443697,
    483.47886919650153,
    506.2694223481734,
    448.36794349229825,
    510.976864352004,
    521.5835715882436,
    567.2516969081491,
    563.0878820741926,
    594.2722582923036,
    453.2692138521404,
    473.9990733639497,
    672.2670475860543
  ],
  "std_of_means": 1.4191098565125269,
  "std_of_sums": 78.05104210818898,
  "theoretical_mean_of_means": 10,
  "theoretical_mean_of_sums": 550,
  "theoretical_sample_of_means": [
    10.583402415703649,
    11.106369646348872,
    8.641523945378491,
    6.688358388582042,
    11.257207684186328,
    9.35537817815456,
    10.197384372373495,
    10.871302082126801,
    10.387258061138766,
    11.731827878795743,
    11.111720316101426,
    8.432047618287394,
    9.374375690930043,
    11.68231255469297,
    8.807265324878202,
    13.300678173374857,
    6.669369785560953,
    8.804008181344951,
    12.030226251793087,
    10.696137112846344,
    10.61396481263661,
    12.129048750451037,
    9.418309399843741,
    11.036593690492307,
    11.187541120393776,
    10.44690775259469,
    9.597101550676275,
    10.846035733608105,
    10.8713663153522,
    10.434420500552681,
    11.681706584148802,
    10.626375161290456,
    10.892972789575976,
    11.846799228120252,
    11.350050812661795,
    8.553352409109554,
    10.199432343470711,
    11.130934321015852,
    9.684321511441372,
    8.498024120719903,
    11.192743629624223,
    7.749865480639514,
    9.334765863882325,
    9.341615187022366,
    10.07099743885088,
    11.315395078522844,
    11.7695636474481,
    10.399367363042396,
    11.089465668309877,
    11.587242023540353,
    9.867078476944327,
    8.626409626564506,
    9.280919985986701,
    9.427732509025914,
    10.825742158859688
  ],
  "theoretical_sample_of_sums": [
    584.1827906161018,
    567.6923071894121,
    653.328152322994,
    535.4756920020906,
    638.3594774704778,
    557.101410630251,
    445.74708796677737,
    494.96935157350185,
    488.45736295504656,
    498.01708180104106,
    673.6357667896409,
    548.5764371823018,
    492.0461582988656,
    433.7660529165483,
    628.0793592515884,
    637.2843643735883,
    503.55639684951194,
    481.65407908609336,
    511.04957637605423,
    586.910709799486,
    573.9734179605331,
    540.618758397342,
    751.5964950632488,
    564.0296212109998,
    588.190452396484,
    605.5384192034068,
    671.0085463753462,
    607.759262885126,
    445.66422122962337,
    559.3669436981111,
    540.4596501817712,
    609.2636890567585,
    502.6420545826383,
    680.9048528587405,
    518.9683852097228,
    582.2962122846463,
    604.0510555305209,
    514.0683247690646,
    614.3698477907113,
    512.3419729736697,
    511.6790764844068,
    544.5625039540653,
    512.6325208773808,
    482.9265114454548,
    620.5366639186589,
    590.7918002409463,
    594.9431792467815,
    582.3250284773894,
    547.7966397484141,
    524.4191345950172,
    623.4606228045559,
    440.7015499715045,
    591.4704961465276,
    648.1097604957346,
    570.4719560044911
  ],
  "theoretical_std_of_means": 1.348399724926484,
  "theoretical_std_of_sums": 74.16198487095663
}
